part_no,description,pref_vendor,unit_cost,buyer_email
PT-5435,Front-line empowering infrastructure,a2bc372f-7412-4293-8729-4739614ff3d7,344.82,stephen10@example.com
PT-9911,Public-key didactic middleware,ff01cf99-988c-44c9-a1b1-cd2262801c45,68.44,suarezmike@example.org
PT-7849,Streamlined multi-tasking access,0f02bad0-e706-4ef4-a6aa-9385dd59ba71,154.84,mcmillandennis@example.org
PT-1824,Horizontal real-time database,f4188f3f-8a14-4e62-a95b-4715c333e861,105.87,william40@example.org
PT-6400,Managed zero administration capacity,ff01cf99-988c-44c9-a1b1-cd2262801c45,83.94,barnold@example.net
PT-0112,Quality-focused 5thgeneration hub,309d258c-27a0-43d7-bc96-7f79b7e99aca,283.18,tanderson@example.com
PT-0533,Synchronized bi-directional help-desk,0f02bad0-e706-4ef4-a6aa-9385dd59ba71,453.52,sarayoung@example.org
PT-2602,User-centric full-range toolset,96a402f2-3ae8-4c93-8dcd-cd03969b6662,411.85,josephcobb@example.org
PT-6073,Exclusive logistical hardware,f42d47cc-00d4-4f59-b427-3ca3287d06ca,421.29,andrewlee@example.com
PT-4145,Stand-alone multimedia initiative,0f02bad0-e706-4ef4-a6aa-9385dd59ba71,170.3,wileyjose@example.net
PT-4019,Optional grid-enabled superstructure,f4188f3f-8a14-4e62-a95b-4715c333e861,224.77,cruzbarbara@example.com
PT-0608,Public-key systemic success,7fcd9eb1-a7ca-4415-b66e-b16f508ebad7,187.55,rushsamantha@example.net
PT-5148,Integrated static installation,f4188f3f-8a14-4e62-a95b-4715c333e861,207.89,angela36@example.net
PT-6299,Innovative impactful neural-net,bdd640fb-0667-4ad1-9c80-317fa3b1799d,156.36,russellcarpenter@example.net
PT-5777,Synergistic didactic migration,1931e9ee-a56c-4941-bbf2-4050a748dbcf,407.94,donnacampbell@example.net
PT-9513,Synergistic fault-tolerant definition,7fcd9eb1-a7ca-4415-b66e-b16f508ebad7,76.3,sanchezthomas@example.org
PT-7693,Universal tangible info-mediaries,1931e9ee-a56c-4941-bbf2-4050a748dbcf,205.31,dianasmith@example.org
PT-6328,Persistent actuating open architecture,ff5e9ff0-ff50-4de4-b825-67b85cabcc97,470.15,danderson@example.net
PT-8895,Versatile leadingedge pricing structure,71710434-134c-4c92-ac5b-227cdfde4fbf,219.7,vmerritt@example.com
PT-7434,Visionary zero-defect model,1931e9ee-a56c-4941-bbf2-4050a748dbcf,321.3,scott43@example.com
PT-5581,Devolved coherent emulation,337ea2df-b09b-4a5c-badc-c32ac1590f53,356.19,calebrussell@example.net
PT-7603,Operative human-resource throughput,309d258c-27a0-43d7-bc96-7f79b7e99aca,485.89,gateskathy@example.com
PT-7054,Versatile human-resource instruction set,0f02bad0-e706-4ef4-a6aa-9385dd59ba71,383.94,tracynelson@example.com
PT-0656,Up-sized composite Local Area Network,a2bc372f-7412-4293-8729-4739614ff3d7,319.68,meadowsbrittany@example.net
PT-0162,Persistent contextually-based application,ff01cf99-988c-44c9-a1b1-cd2262801c45,195.41,shawnrogers@example.com
PT-4641,Phased 3rdgeneration synergy,0f02bad0-e706-4ef4-a6aa-9385dd59ba71,27.44,debraharrington@example.net
PT-0033,Ameliorated regional collaboration,ff5e9ff0-ff50-4de4-b825-67b85cabcc97,65.6,elliottjeffery@example.net
PT-4529,Robust value-added structure,60e7a113-ec1b-4ca1-b91e-1d4c1ff49b78,399.2,daniel04@example.net
PT-6631,Reverse-engineered system-worthy product,ff5e9ff0-ff50-4de4-b825-67b85cabcc97,53.89,melissa91@example.net
PT-0586,Switchable holistic architecture,71710434-134c-4c92-ac5b-227cdfde4fbf,332.43,atkinsonlynn@example.org
